<?xml version='1.0' encoding='utf-8'?>
<!DOCTYPE hibernate-configuration PUBLIC
        "-//Hibernate/Hibernate Configuration DTD//EN"
        "http://www.hibernate.org/dtd/hibernate-configuration-3.0.dtd">
<hibernate-configuration>
    <session-factory>
        <property name="connection.url">jdbc:mysql://127.0.0.1:3306/users</property>
        <property name="connection.driver_class">com.mysql.jdbc.Driver</property>

        <property name="connection.username">root</property>
        <property name="connection.password">root</property>

        <!-- DB schema will be updated if needed -->
        <property name="hbm2ddl.auto">update</property>
        <mapping class="model.UserEntity"/>
    </session-factory>
</hibernate-configuration>